1,1:16383736,16383736,C,G,3_prime_UTR_variant,MODIFIER,CLCNKB,ENST00000375679.4:c.*325C>G,,,rs1057856,1,,,0.0030,0.0091,0.0043,0,0,0,,,0.0007759,0.01056,0.000935,0.001671,0,0,6.945e-05,0.0004604,8.86e-05,0.01056
1,1:27237675,27237675,C,G,downstream_gene_variant,MODIFIER,NR0B2,,,,rs147786540,-1,,,0.0002,0.0008,0,0,0,0,,,0.0002052,0.003265,0.0002455,0,0,0,0,0.0004728,0,0.003265
1,1:114423726,114423726,C,T,3_prime_UTR_variant,MODIFIER,BCL2L15,ENST00000393316.3:c.*19G>A,,,rs145372276,-1,,,0.0062,0.0227,0.0014,0,0,0,0.01793,0.0001163,0.001291,0.01809,0.0005494,0,5.437e-05,0,6.177e-05,0.0004892,0,0.0227
1,1:148023129,148023129,C,G,missense_variant,MODERATE,NBPF14,ENST00000310701.10:c.380G>C,ENSP00000309907.10:p.Glu127Asp,E/D,rs202128472&COSM4594294,-1,deleterious(0.01),benign(0.174),,,,,,,,,0.002011,0.01847,0.002796,0.001894,8.354e-05,0.003521,0.0007592,0.002075,0.0005327,0.01847
1,1:148756484,148756484,C,T,stop_gained,HIGH,NBPF16,ENST00000417839.1:c.1813C>T,ENSP00000395369.1:p.Gln605Ter,Q/*,rs782345969,1,,,,,,,,,,,0.002244,0.024,0.001413,0,0,0,0.0001325,0.001312,7.732e-05,0.024
1,1:154842553,154842553,G,A,5_prime_UTR_variant,MODIFIER,KCNN3,ENST00000271915.4:c.-113C>T,,,rs114195904,-1,,,0.0038,0.0144,0,0,0,0,,,0.0007523,0.01421,0.0005697,0,0,0,1.78e-05,0,4.437e-05,0.0144
1,1:156399195,156399195,T,C,upstream_gene_variant,MODIFIER,C1orf61,,,,rs559317922,-1,,,0.0014,0.0053,0,0,0,0,,,0.0002014,0.003403,0.0002849,0,0,0,0,0,0,0.0053
1,1:159810633,159810633,C,T,missense_variant,MODERATE,C1orf204,ENST00000368102.1:c.466G>A,ENSP00000357082.1:p.Ala156Thr,A/T,rs61742098,-1,tolerated_low_confidence(0.57),benign(0.001),0.0024,0.0091,0,0,0,0,0.007948,0,0.0003942,0.00579,0.0001215,0,0,0,0.0001476,0.0006766,0,0.0091
1,1:193028626,193028626,G,A,5_prime_UTR_variant,MODIFIER,UCHL5,ENST00000367455.4:c.-236C>T,,,rs148813425,-1,,,0.0024,0.0053,0.0043,0,0,0.002,0.002854,0,0.0005619,0.00684,0.0005017,0,0.0001697,0,1.903e-05,0.0005119,0.0005377,0.00684
1,1:248097884,248097884,A,G,upstream_gene_variant,MODIFIER,OR2L13,,,,rs762261157,1,,,,,,,,,,,0.0001391,0.002274,0.0001627,0,0,0,1.777e-05,0,0,0.002274
2,2:31558875,31558875,C,G,splice_acceptor_variant,HIGH,XDH,ENST00000379416.3:c.3952-1G>C,,,rs1290137259,-1,,,,,,,,,,,3.981e-06,0,0,0,0,0,8.813e-06,0,0,8.813e-06
2,2:37415750,37415750,C,A,upstream_gene_variant,MODIFIER,SULT6B1,,,,rs114876607,-1,,,0.0036,0.0121,0.0029,0,0,0,,,0.0007228,0.01033,0.0001497,0,0,0,7.458e-05,0.0003378,0,0.0121
2,2:79385776,79385776,C,T,splice_donor_variant,HIGH,REG3A,ENST00000393878.1:c.195+1G>A,,,rs150805284,-1,,,,,,,,,0.0004539,0,2.789e-05,0.0004306,0,0,0,0,0,0,0,0.0004539
2,2:131331980,131331980,G,A,missense_variant,MODERATE,AC140481.2,ENST00000409982.1:c.55G>A,ENSP00000387081.1:p.Gly19Arg,G/R,rs755109955,1,deleterious(0.02),possibly_damaging(0.863),,,,,,,,,0.0004791,0.008836,0.0003661,0,0,0,0,0,0,0.008836
2,2:219303450,219303450,G,A,splice_donor_variant,HIGH,VIL1,ENST00000248444.5:c.2229+1G>A,,,rs148340175,1,,,,,,,,,0.001362,0,8.255e-05,0.001023,0.0001191,0,0,0,0,0,0,0.001362
2,2:233877877,233877877,C,T,5_prime_UTR_variant,MODIFIER,NGEF,ENST00000264051.3:c.-174G>A,,,rs76601746,-1,,,0.0056,0.0212,0,0,0,0,,,0.0009611,0.0171,0.001017,0,0,5.933e-05,5.204e-05,0.0002302,0,0.0212
3,3:14105924,14105924,C,A,missense_variant,MODERATE,TPRXL,ENST00000424053.1:c.248C>A,ENSP00000400448.1:p.Pro83His,P/H,rs894602436,1,,probably_damaging(0.95),,,,,,,,,0.0002113,0.001667,0.0001661,0,0,0.0002963,0.0002159,0,0,0.001667
3,3:46775308,46775308,G,A,missense_variant,MODERATE,PRSS46,ENST00000463091.2:c.338C>T,ENSP00000430307.1:p.Thr113Ile,T/I,rs546413181,-1,tolerated(0.45),benign(0.005),0.0004,0.0015,0,0,0,0,,,0.0001709,0.002638,0.0002043,0,0,0,0,0,4.446e-05,0.002638
3,3:113775379,113775379,C,T,5_prime_UTR_variant,MODIFIER,KIAA1407,ENST00000295878.3:c.-66G>A,,,rs115516714,-1,,,0.0062,0.0204,0,0,0,0.0041,,,0.001441,0.01856,0.0008973,0,5.461e-05,0,4.418e-05,0.000821,0.000588,0.0204
4,4:376980,376980,A,C,missense_variant,MODERATE,ZNF141,ENST00000505939.1:c.323A>C,ENSP00000424403.1:p.His108Pro,H/P,rs189381206,1,tolerated_low_confidence(0.26),unknown(0),0.0012,0.0045,0,0,0,0,,,0.0006052,0.008824,0.0006895,0.0001232,0,0,7.772e-05,0.0002481,4.567e-05,0.008824
4,4:77204532,77204532,A,G,splice_acceptor_variant,HIGH,FAM47E,ENST00000424749.2:c.1105-2A>G,,,rs78752268,1,,,0.0038,0.0144,0,0,0,0,0.01228,0.0003143,0.0007651,0.01333,0.0004589,0,0,0,3.344e-05,0,0,0.0144
4,4:100570711,100570711,G,A,missense_variant,MODERATE,RP11-766F14.2,ENST00000511828.1:c.5095C>T,ENSP00000427555.1:p.Arg1699Cys,R/C,rs190793723,-1,deleterious(0.03),possibly_damaging(0.448),0.0008,0.003,0,0,0,0,,,9.657e-05,0.001552,4.086e-05,0,0,0,3.784e-05,0,0,0.003
4,4:100571472,100571472,C,T,missense_variant,MODERATE,RP11-766F14.2,ENST00000511828.1:c.4334G>A,ENSP00000427555.1:p.Arg1445Gln,R/Q,rs146331309,-1,tolerated(0.16),probably_damaging(0.946),0.0040,0.0151,0,0,0,0,,,0.001048,0.01924,0.0006131,0,0,0,0,0.0004831,0,0.01924
6,6:12933969,12933969,C,A,missense_variant,MODERATE,PHACTR1,ENST00000379348.2:c.355C>A,ENSP00000368653.2:p.Leu119Ile,L/I,rs78704568,1,,benign(0.025),0.0064,0.0212,0.0043,0,0.001,0,0.02454,0,0.001495,0.02291,0.000727,0,0,0,2.799e-05,0.0006696,6.587e-05,0.02454
6,6:13230510,13230510,G,A,missense_variant,MODERATE,PHACTR1,ENST00000434977.1:c.634G>A,ENSP00000412573.1:p.Ala212Thr,A/T,rs113539938,1,tolerated_low_confidence(0.07),unknown(0),0.0044,0.0151,0.0029,0,0,0,,,0.001667,0.02758,0.001583,0,0,0,0.0001457,0.0007022,0.0001761,0.02758
6,6:24720124,24720124,A,C,5_prime_UTR_variant,MODIFIER,C6orf62,ENST00000378119.4:c.-1228T>G,,,rs577439102,-1,,,0.0090,0.0318,0.0029,0,0.001,0,,,0.001518,0.02725,0.001343,0,0,0,9.171e-05,0.0004666,0,0.0318
6,6:30115320,30115320,G,T,splice_donor_variant,HIGH,TRIM40,ENST00000307859.4:c.602+1G>T,,,rs115651142,1,,,0.0068,0.0113,0.0202,0,0.005,0,0.009596,0.009228,0.009317,0.01025,0.01799,0.04646,0.0001088,0.0008317,0.008221,0.01441,0.001405,0.04646
6,6:30525060,30525060,A,T,5_prime_UTR_variant,MODIFIER,PRR3,ENST00000376560.3:c.-62A>T,,,rs17195432,1,,,0.0066,0.0076,0.0144,0,0.0129,0,,,0.005418,0.007622,0.009661,0.00982,0,0.0009605,0.006794,0.006861,8.055e-05,0.0144
6,6:31838588,31838588,C,T,splice_donor_variant,HIGH,SLC44A4,ENST00000229729.6:c.937+1G>A,,,rs147599445,-1,,,0.0010,0.0038,0,0,0,0,0.003311,0,0.0002481,0.003456,5.808e-05,0,0,0,3.628e-05,0.000165,6.587e-05,0.0038
6,6:35992614,35992614,A,G,5_prime_UTR_variant,MODIFIER,SLC26A8,ENST00000490799.1:c.-336T>C,,,rs145896455,-1,,,0.0026,0.0098,0,0,0,0,,,0.0006389,0.01041,0.0006538,0,0,0,1.892e-05,0.0002413,4.446e-05,0.01041
6,6:133055734,133055734,T,C,missense_variant,MODERATE,VNN3,ENST00000427187.2:c.98A>G,ENSP00000444491.1:p.His33Arg,H/R,rs764264,-1,deleterious(0.01),probably_damaging(0.997),0.0076,0.0287,0,0,0,0,0.03427,0.0002326,0.002468,0.03465,0.001216,0,0,0,7.044e-05,0.0009791,3.268e-05,0.03465
8,8:20008176,20008176,C,T,splice_donor_variant,HIGH,SLC18A1,ENST00000440926.1:c.1094+1G>A,,,rs146096961,-1,,,,,,,,,0.000227,0,1.193e-05,0.000123,0,0,0,0,0,0,3.266e-05,0.000227
8,8:139845281,139845281,C,T,splice_donor_variant,HIGH,COL22A1,ENST00000303045.6:c.845+1G>A,,,rs138161220,-1,,,,,,,,,0.000227,0,3.583e-05,0.0003076,0.0001157,0,0,0,0,0,0,0.0003076
9,9:127230384,127230384,G,A,missense_variant,MODERATE,GPR144,ENST00000334810.1:c.2069G>A,ENSP00000335156.1:p.Arg690Gln,R/Q,rs115664772,1,deleterious(0.01),probably_damaging(0.998),0.0006,0.0023,0,0,0,0,,,8.572e-05,0.001537,4.059e-05,0,0,0,0,0,0,0.0023
10,10:16961960,16961960,A,G,splice_donor_variant,HIGH,CUBN,ENST00000377833.4:c.6821+2T>C,,,rs150901286,-1,,,0.0002,0.0008,0,0,0,0,0.001816,0,0.0001473,0.002276,0,0,0,0,0,0,0,0.002276
10,10:17882772,17882772,C,T,missense_variant,MODERATE,MRC1L1,ENST00000331429.2:c.883C>T,ENSP00000332124.2:p.Arg295Cys,R/C,rs782165969,1,deleterious(0),possibly_damaging(0.498),,,,,,,,,7.295e-05,0.0001144,0,0,0,0,0.0001533,0,5.349e-05,0.0001533
10,10:19777949,19777949,C,G,missense_variant,MODERATE,MALRD1,ENST00000377266.3:c.3013C>G,ENSP00000366477.3:p.Arg1005Gly,R/G,rs140676971,1,tolerated(0.49),benign(0),0.0038,0.0129,0.0029,0,0,0,,,0.0007981,0.01116,0.001228,0,0,0,7.3e-05,0.0004826,4.458e-05,0.0129
10,10:22608967,22608967,C,G,3_prime_UTR_variant,MODIFIER,COMMD3,ENST00000376836.3:c.*40C>G,,,rs143156676,1,,,0.0036,0.0136,0,0,0,0,0.01135,0.0001163,0.001095,0.01351,0.0005494,0.0003975,0,0.0001848,0.0002288,0.0003259,3.267e-05,0.0136
10,10:36812592,36812592,C,T,missense_variant,MODERATE,NAMPTL,ENST00000440465.1:c.571G>A,ENSP00000407952.1:p.Ala191Thr,A/T,rs138493616,-1,deleterious(0),probably_damaging(0.966),0.0006,0.0023,0,0,0,0,,,0.0006524,0.009669,0.0001157,0,0,0,2.639e-05,0,0,0.009669
10,10:43978335,43978335,A,G,3_prime_UTR_variant,MODIFIER,ZNF487,ENST00000437590.2:c.*965A>G,,,rs74137740,1,,,0.0052,0.0197,0,0,0,0,,,0.001213,0.01724,0.0006149,0,0,0,2.696e-05,0.0009987,9.886e-05,0.0197
10,10:51225348,51225348,C,T,missense_variant,MODERATE,AGAP8,ENST00000425119.2:c.1634G>A,ENSP00000415452.2:p.Arg545His,R/H,rs781920306,-1,tolerated(0.1),benign(0.031),,,,,,,,,0.001854,0.01604,0.001903,0,0,0,0,0,0.0006196,0.01604
10,10:81601759,81601759,A,C,missense_variant,MODERATE,NUTM2E,ENST00000429984.3:c.263A>C,ENSP00000407521.2:p.Asp88Ala,D/A,rs754495172,1,deleterious_low_confidence(0.03),benign(0.018),,,,,,,,,0.0003826,0.00273,0.00056,0,0,0,0,0,0,0.00273
